{
"lengthUnit": "mil",
"components": {
	"fields": ["COMPONENT_NO", "COMPONENT_NAME", "LAYER", "X_COORDINATE", "Y_COORDINATE", "ANGLE"],
	"rows": [
		[1, "1", "T", -70, 1145, 0],
		[2, "C1", "T", -865, 800, 0],
		[3, "H1", "T", -35, 2240, 0],
		[4, "J1", "T", -35, 2615, 0],
		[5, "SCREW1", "T", -730, -3520, 0],
		[6, "SCREW2", "T", -975, 1465, 0],
		[7, "SCREW3", "T", 921.94, 1470.55, 0],
		[8, "SCREW4", "T", 551.94, -3489.77, 0],
		[9, "SCREW5", "T", 525, -720, 0],
		[10, "SCREW6", "T", -592.16, 294.93, 0],
		[11, "U1", "T", -20, -2185, 270],
		[12, "U2", "T", -635, -60, 0]
	]
},
"pins": {
	"fields": ["PIN_NO", "PIN_NAME", "PIN_X", "PIN_Y", "LAYER", "PIN_TYPE", "NET_NAME", "NET_TYPE", "PAD_SHAPE", "PAD_SIZEX", "PAD_SIZEY", "HOLE_SIZE", "PAD_ANGLE"],
	"rows": [
		[1, "1_1", -420, 795, "T", "DIP", "$1N1472", "", "R", 59.37, 59.37, 39.37, 0],
		[2, "1_1", -420, 795, "B", "DIP", "$1N1472", "", "R", 59.37, 59.37, 39.37, 0],
		[3, "1_2", -320, 795, "T", "DIP", "$1N1359", "", "C", 59.37, 59.37, 39.37, 0],
		[4, "1_2", -320, 795, "B", "DIP", "$1N1359", "", "C", 59.37, 59.37, 39.37, 0],
		[5, "1_3", -220, 795, "T", "DIP", "$1N1354", "", "C", 59.37, 59.37, 39.37, 0],
		[6, "1_3", -220, 795, "B", "DIP", "$1N1354", "", "C", 59.37, 59.37, 39.37, 0],
		[7, "1_4", -120, 795, "T", "DIP", "$1N1720", "", "C", 59.37, 59.37, 39.37, 0],
		[8, "1_4", -120, 795, "B", "DIP", "$1N1720", "", "C", 59.37, 59.37, 39.37, 0],
		[9, "1_5", -20, 795, "T", "DIP", "$1N1715", "", "C", 59.37, 59.37, 39.37, 0],
		[10, "1_5", -20, 795, "B", "DIP", "$1N1715", "", "C", 59.37, 59.37, 39.37, 0],
		[11, "1_6", 80, 795, "T", "DIP", "SPK_1", "", "C", 59.37, 59.37, 39.37, 0],
		[12, "1_6", 80, 795, "B", "DIP", "SPK_1", "", "C", 59.37, 59.37, 39.37, 0],
		[13, "1_7", 180, 795, "T", "DIP", "GND", "GND", "C", 59.37, 59.37, 39.37, 0],
		[14, "1_7", 180, 795, "B", "DIP", "GND", "GND", "C", 59.37, 59.37, 39.37, 0],
		[15, "1_8", 280, 795, "T", "DIP", "SPK_2", "", "C", 59.37, 59.37, 39.37, 0],
		[16, "1_8", 280, 795, "B", "DIP", "SPK_2", "", "C", 59.37, 59.37, 39.37, 0],
		[17, "1_9", 280, 1495, "T", "DIP", "1_9", "", "C", 59.37, 59.37, 39.37, 0],
		[18, "1_9", 280, 1495, "B", "DIP", "1_9", "", "C", 59.37, 59.37, 39.37, 0],
		[19, "1_10", 180, 1495, "T", "DIP", "1_10", "", "C", 59.37, 59.37, 39.37, 0],
		[20, "1_10", 180, 1495, "B", "DIP", "1_10", "", "C", 59.37, 59.37, 39.37, 0],
		[21, "1_11", 80, 1495, "T", "DIP", "1_11", "", "C", 59.37, 59.37, 39.37, 0],
		[22, "1_11", 80, 1495, "B", "DIP", "1_11", "", "C", 59.37, 59.37, 39.37, 0],
		[23, "1_12", -20, 1495, "T", "DIP", "1_12", "", "C", 59.37, 59.37, 39.37, 0],
		[24, "1_12", -20, 1495, "B", "DIP", "1_12", "", "C", 59.37, 59.37, 39.37, 0],
		[25, "1_13", -120, 1495, "T", "DIP", "1_13", "", "C", 59.37, 59.37, 39.37, 0],
		[26, "1_13", -120, 1495, "B", "DIP", "1_13", "", "C", 59.37, 59.37, 39.37, 0],
		[27, "1_14", -220, 1495, "T", "DIP", "1_14", "", "C", 59.37, 59.37, 39.37, 0],
		[28, "1_14", -220, 1495, "B", "DIP", "1_14", "", "C", 59.37, 59.37, 39.37, 0],
		[29, "1_15", -320, 1495, "T", "DIP", "1_15", "", "C", 59.37, 59.37, 39.37, 0],
		[30, "1_15", -320, 1495, "B", "DIP", "1_15", "", "C", 59.37, 59.37, 39.37, 0],
		[31, "1_16", -420, 1495, "T", "DIP", "1_16", "", "C", 59.37, 59.37, 39.37, 0],
		[32, "1_16", -420, 1495, "B", "DIP", "1_16", "", "C", 59.37, 59.37, 39.37, 0],
		[33, "C1_1", -892.56, 800, "T", "SMD", "$1N1472", "", "R", 31.5, 35.43, 0, 0],
		[34, "C1_2", -837.44, 800, "T", "SMD", "GND", "GND", "R", 31.5, 35.43, 0, 0],
		[35, "H1_1", -85, 2240, "T", "DIP", "SPK_2", "", "R", 66.93, 66.93, 39.37, 0],
		[36, "H1_1", -85, 2240, "B", "DIP", "SPK_2", "", "R", 66.93, 66.93, 39.37, 0],
		[37, "H1_2", 15, 2240, "T", "DIP", "SPK_1", "", "C", 66.93, 66.93, 39.37, 0],
		[38, "H1_2", 15, 2240, "B", "DIP", "SPK_1", "", "C", 66.93, 66.93, 39.37, 0],
		[39, "J1_1", -192.48, 2752.8, "T", "SMD", "$1N1715", "", "R", 118.11, 59.05, 0, 0],
		[40, "J1_2", 122.48, 2674.06, "T", "SMD", "$1N1720", "", "R", 118.11, 59.05, 0, 0],
		[41, "J1_3", -192.48, 2477.2, "T", "SMD", "GND", "GND", "R", 118.11, 59.05, 0, 0],
		[42, "SCREW1_1", -732.5, -3517.5, "T", "DIP", "SCREW1_1", "", "C", 126, 126, 126, 0],
		[43, "SCREW1_1", -732.5, -3517.5, "B", "DIP", "SCREW1_1", "", "C", 126, 126, 126, 0],
		[44, "SCREW2_1", -977.5, 1467.5, "T", "DIP", "SCREW2_1", "", "C", 126, 126, 126, 0],
		[45, "SCREW2_1", -977.5, 1467.5, "B", "DIP", "SCREW2_1", "", "C", 126, 126, 126, 0],
		[46, "SCREW3_1", 919.44, 1473.05, "T", "DIP", "SCREW3_1", "", "C", 126, 126, 126, 0],
		[47, "SCREW3_1", 919.44, 1473.05, "B", "DIP", "SCREW3_1", "", "C", 126, 126, 126, 0],
		[48, "SCREW4_1", 549.44, -3487.27, "T", "DIP", "SCREW4_1", "", "C", 126, 126, 126, 0],
		[49, "SCREW4_1", 549.44, -3487.27, "B", "DIP", "SCREW4_1", "", "C", 126, 126, 126, 0],
		[50, "SCREW5_1", 522.5, -717.5, "T", "DIP", "SCREW5_1", "", "C", 126, 126, 126, 0],
		[51, "SCREW5_1", 522.5, -717.5, "B", "DIP", "SCREW5_1", "", "C", 126, 126, 126, 0],
		[52, "SCREW6_1", -594.66, 297.43, "T", "DIP", "SCREW6_1", "", "C", 126, 126, 126, 0],
		[53, "SCREW6_1", -594.66, 297.43, "B", "DIP", "SCREW6_1", "", "C", 126, 126, 126, 0],
		[54, "U1_A1", 280, -1485, "T", "DIP", "U1_A1", "", "C", 59.05, 59.05, 39.37, 270],
		[55, "U1_A1", 280, -1485, "B", "DIP", "U1_A1", "", "C", 59.05, 59.05, 39.37, 270],
		[56, "U1_A10", 280, -2385, "T", "DIP", "U1_A10", "", "C", 59.05, 59.05, 39.37, 270],
		[57, "U1_A10", 280, -2385, "B", "DIP", "U1_A10", "", "C", 59.05, 59.05, 39.37, 270],
		[58, "U1_A11", 280, -2485, "T", "DIP", "U1_A11", "", "C", 59.05, 59.05, 39.37, 270],
		[59, "U1_A11", 280, -2485, "B", "DIP", "U1_A11", "", "C", 59.05, 59.05, 39.37, 270],
		[60, "U1_A12", 280, -2585, "T", "DIP", "U1_A12", "", "C", 59.05, 59.05, 39.37, 270],
		[61, "U1_A12", 280, -2585, "B", "DIP", "U1_A12", "", "C", 59.05, 59.05, 39.37, 270],
		[62, "U1_A13", 280, -2685, "T", "DIP", "U1_A13", "", "C", 59.05, 59.05, 39.37, 270],
		[63, "U1_A13", 280, -2685, "B", "DIP", "U1_A13", "", "C", 59.05, 59.05, 39.37, 270],
		[64, "U1_A14", 280, -2785, "T", "DIP", "U1_A14", "", "C", 59.05, 59.05, 39.37, 270],
		[65, "U1_A14", 280, -2785, "B", "DIP", "U1_A14", "", "C", 59.05, 59.05, 39.37, 270],
		[66, "U1_A15", 280, -2885, "T", "DIP", "U1_A15", "", "R", 59.05, 59.05, 39.37, 270],
		[67, "U1_A15", 280, -2885, "B", "DIP", "U1_A15", "", "R", 59.05, 59.05, 39.37, 270],
		[68, "U1_A2", 280, -1585, "T", "DIP", "U1_A2", "", "C", 59.05, 59.05, 39.37, 270],
		[69, "U1_A2", 280, -1585, "B", "DIP", "U1_A2", "", "C", 59.05, 59.05, 39.37, 270],
		[70, "U1_A3", 280, -1685, "T", "DIP", "U1_A3", "", "C", 59.05, 59.05, 39.37, 270],
		[71, "U1_A3", 280, -1685, "B", "DIP", "U1_A3", "", "C", 59.05, 59.05, 39.37, 270],
		[72, "U1_A4", 280, -1785, "T", "DIP", "$1N1472", "", "C", 59.05, 59.05, 39.37, 270],
		[73, "U1_A4", 280, -1785, "B", "DIP", "$1N1472", "", "C", 59.05, 59.05, 39.37, 270],
		[74, "U1_A5", 280, -1885, "T", "DIP", "U1_A5", "", "C", 59.05, 59.05, 39.37, 270],
		[75, "U1_A5", 280, -1885, "B", "DIP", "U1_A5", "", "C", 59.05, 59.05, 39.37, 270],
		[76, "U1_A6", 280, -1985, "T", "DIP", "U1_A6", "", "C", 59.05, 59.05, 39.37, 270],
		[77, "U1_A6", 280, -1985, "B", "DIP", "U1_A6", "", "C", 59.05, 59.05, 39.37, 270],
		[78, "U1_A7", 280, -2085, "T", "DIP", "$1N1783", "", "C", 59.05, 59.05, 39.37, 270],
		[79, "U1_A7", 280, -2085, "B", "DIP", "$1N1783", "", "C", 59.05, 59.05, 39.37, 270],
		[80, "U1_A8", 280, -2185, "T", "DIP", "$1N1520", "", "C", 59.05, 59.05, 39.37, 270],
		[81, "U1_A8", 280, -2185, "B", "DIP", "$1N1520", "", "C", 59.05, 59.05, 39.37, 270],
		[82, "U1_A9", 280, -2285, "T", "DIP", "U1_A9", "", "C", 59.05, 59.05, 39.37, 270],
		[83, "U1_A9", 280, -2285, "B", "DIP", "U1_A9", "", "C", 59.05, 59.05, 39.37, 270],
		[84, "U1_B1", -320, -1485, "T", "DIP", "U1_B1", "", "C", 59.05, 59.05, 39.37, 270],
		[85, "U1_B1", -320, -1485, "B", "DIP", "U1_B1", "", "C", 59.05, 59.05, 39.37, 270],
		[86, "U1_B10", -320, -2385, "T", "DIP", "$1N1359", "", "C", 59.05, 59.05, 39.37, 270],
		[87, "U1_B10", -320, -2385, "B", "DIP", "$1N1359", "", "C", 59.05, 59.05, 39.37, 270],
		[88, "U1_B11", -320, -2485, "T", "DIP", "U1_B11", "", "C", 59.05, 59.05, 39.37, 270],
		[89, "U1_B11", -320, -2485, "B", "DIP", "U1_B11", "", "C", 59.05, 59.05, 39.37, 270],
		[90, "U1_B12", -320, -2585, "T", "DIP", "U1_B12", "", "C", 59.05, 59.05, 39.37, 270],
		[91, "U1_B12", -320, -2585, "B", "DIP", "U1_B12", "", "C", 59.05, 59.05, 39.37, 270],
		[92, "U1_B13", -320, -2685, "T", "DIP", "U1_B13", "", "C", 59.05, 59.05, 39.37, 270],
		[93, "U1_B13", -320, -2685, "B", "DIP", "U1_B13", "", "C", 59.05, 59.05, 39.37, 270],
		[94, "U1_B14", -320, -2785, "T", "DIP", "U1_B14", "", "C", 59.05, 59.05, 39.37, 270],
		[95, "U1_B14", -320, -2785, "B", "DIP", "U1_B14", "", "C", 59.05, 59.05, 39.37, 270],
		[96, "U1_B15", -320, -2885, "T", "DIP", "U1_B15", "", "C", 59.05, 59.05, 39.37, 270],
		[97, "U1_B15", -320, -2885, "B", "DIP", "U1_B15", "", "C", 59.05, 59.05, 39.37, 270],
		[98, "U1_B2", -320, -1585, "T", "DIP", "U1_B2", "", "C", 59.05, 59.05, 39.37, 270],
		[99, "U1_B2", -320, -1585, "B", "DIP", "U1_B2", "", "C", 59.05, 59.05, 39.37, 270],
		[100, "U1_B3", -320, -1685, "T", "DIP", "U1_B3", "", "C", 59.05, 59.05, 39.37, 270],
		[101, "U1_B3", -320, -1685, "B", "DIP", "U1_B3", "", "C", 59.05, 59.05, 39.37, 270],
		[102, "U1_B4", -320, -1785, "T", "DIP", "GND", "GND", "C", 59.05, 59.05, 39.37, 270],
		[103, "U1_B4", -320, -1785, "B", "DIP", "GND", "GND", "C", 59.05, 59.05, 39.37, 270],
		[104, "U1_B5", -320, -1885, "T", "DIP", "U1_B5", "", "C", 59.05, 59.05, 39.37, 270],
		[105, "U1_B5", -320, -1885, "B", "DIP", "U1_B5", "", "C", 59.05, 59.05, 39.37, 270],
		[106, "U1_B6", -320, -1985, "T", "DIP", "U1_B6", "", "C", 59.05, 59.05, 39.37, 270],
		[107, "U1_B6", -320, -1985, "B", "DIP", "U1_B6", "", "C", 59.05, 59.05, 39.37, 270],
		[108, "U1_B7", -320, -2085, "T", "DIP", "U1_B7", "", "C", 59.05, 59.05, 39.37, 270],
		[109, "U1_B7", -320, -2085, "B", "DIP", "U1_B7", "", "C", 59.05, 59.05, 39.37, 270],
		[110, "U1_B8", -320, -2185, "T", "DIP", "U1_B8", "", "C", 59.05, 59.05, 39.37, 270],
		[111, "U1_B8", -320, -2185, "B", "DIP", "U1_B8", "", "C", 59.05, 59.05, 39.37, 270],
		[112, "U1_B9", -320, -2285, "T", "DIP", "$1N1354", "", "C", 59.05, 59.05, 39.37, 270],
		[113, "U1_B9", -320, -2285, "B", "DIP", "$1N1354", "", "C", 59.05, 59.05, 39.37, 270],
		[114, "U2_1", -635, -60, "T", "DIP", "GND", "GND", "C", 66.93, 66.93, 43.31, 0],
		[115, "U2_1", -635, -60, "B", "DIP", "GND", "GND", "C", 66.93, 66.93, 43.31, 0],
		[116, "U2_2", -635, -160, "T", "DIP", "$1N1472", "", "C", 66.93, 66.93, 43.31, 0],
		[117, "U2_2", -635, -160, "B", "DIP", "$1N1472", "", "C", 66.93, 66.93, 43.31, 0],
		[118, "U2_3", -635, -260, "T", "DIP", "$1N1520", "", "C", 66.93, 66.93, 43.31, 0],
		[119, "U2_3", -635, -260, "B", "DIP", "$1N1520", "", "C", 66.93, 66.93, 43.31, 0],
		[120, "U2_4", -635, -360, "T", "DIP", "$1N1783", "", "C", 66.93, 66.93, 43.31, 0],
		[121, "U2_4", -635, -360, "B", "DIP", "$1N1783", "", "C", 66.93, 66.93, 43.31, 0]
	]
}
}